{"cameraMode":{"drawMode":0,"name":"Shaded","section":"Shading Mode"},"sceneLighting":true,"audioPlay":false,"sceneViewState":{"m_AlwaysRefresh":false,"showFog":true,"showSkybox":true,"showFlares":true,"showImageEffects":true,"showParticleSystems":true,"showVisualEffectGraphs":true,"m_FxEnabled":true},"in2DMode":false,"pivot":{"x":194.89028930664063,"y":604.0457763671875,"z":-93.61457824707031},"rotation":{"x":-0.16621020436286927,"y":0.21897320449352265,"z":-0.03788359835743904,"w":-0.9607234001159668},"size":490.45806884765627,"orthographic":false}