{"cameraMode":{"drawMode":0,"name":"Shaded","section":"Shading Mode"},"sceneLighting":false,"audioPlay":false,"sceneViewState":{"m_AlwaysRefresh":false,"showFog":true,"showSkybox":false,"showFlares":true,"showImageEffects":true,"showParticleSystems":true,"showVisualEffectGraphs":true,"m_FxEnabled":true},"in2DMode":false,"pivot":{"x":-1.7735651731491089,"y":-13.187761306762696,"z":69.04894256591797},"rotation":{"x":0.10629937797784805,"y":0.0008931984193623066,"z":-0.00009531989053357393,"w":0.9943379163742065},"size":36.4447021484375,"orthographic":false}